<?xml version="1.0" encoding="UTF-8"?>
<!DOCTYPE suite SYSTEM "http://testng.org/testng-1.0.dtd">
<suite name="Suite" parallel="none">
  <test name="Test">
    <classes>
      <class name="test.Login_Test"/>
      
      
    </classes>
    
    
    
    
    
    <listeners>      
  <listener class-name="org.uncommons.reportng.HTMLReporter"/>
       <listener class-name="org.uncommons.reportng.JUnitXMLReporter"/>
</listeners>
    
    
  </test> <!-- Test -->
  
</suite> <!-- Suite -->


    